{
    "name": "MakerBotReplicator",
    "version": 2,
    "inherits": "fdmprinter",
    "metadata": {
        "visible": true,
        "author": "Ultimaker",
        "manufacturer": "MakerBot",
        "file_formats": "application/x3g",
        "platform_offset": [ 0, 0, 0],
        "machine_extruder_trains":
        {
            "0": "makerbotreplicator_extruder_0"
        }
    },

    "overrides": {
        "prime_tower_size": { "default_value": 10.0 },
        "infill_sparse_density": { "default_value": 10 },
        "speed_travel": { "default_value": 150 },
        "layer_height": { "default_value": 0.15 },
        "material_print_temperature": { "default_value": 220 },
        "machine_extruder_count": { "default_value": 1 },
        "machine_heated_bed": { "default_value": true },
        "machine_center_is_zero": { "default_value": false },
        "machine_height": { "default_value": 150 },
        "machine_gcode_flavor": { "default_value": "MakerBot" },
        "machine_depth": { "default_value": 145 },
        "machine_width": { "default_value": 225 },
        "machine_name": { "default_value": "MakerBot Replicator" }
    }
}
