{
    "name": "RoVa3D",
    "version": 2,
    "inherits": "fdmprinter",
    "metadata": {
        "visible": true,
        "author": "Ultimaker",
        "manufacturer": "ORD Solutions",
        "file_formats": "text/x-gcode",
        "machine_extruder_trains":
        {
            "0": "ord_extruder_0",
            "1": "ord_extruder_1",
            "2": "ord_extruder_2",
            "3": "ord_extruder_3",
            "4": "ord_extruder_4"
        },
        "platform_offset": [ 0, 0, 0]
    },

    "overrides": {
        "material_bed_temperature": { "default_value": 60 },
        "prime_tower_size": { "default_value": 7.0710678118654755 },
        "infill_sparse_density": { "default_value": 15 },
        "speed_travel": { "default_value": 150 },
        "layer_height": { "default_value": 0.3 },
        "material_print_temperature": { "default_value": 240 },
        "machine_extruder_count": { "default_value": 5 },
        "machine_heated_bed": { "default_value": true },
        "machine_center_is_zero": { "default_value": false },
        "machine_height": { "default_value": 200 },
        "machine_gcode_flavor": { "default_value": "RepRap (Marlin/Sprinter)" },
        "machine_depth": { "default_value": 250 },
        "machine_width": { "default_value": 215 },
        "machine_name": { "default_value": "RoVa3D" }
    }
}
