{
    "version": 2,
    "name": "Ultimaker Original",
    "inherits": "ultimaker",
    "metadata": {
        "visible": true,
        "author": "Ultimaker",
        "manufacturer": "Ultimaker B.V.",
        "weight": 4,
        "file_formats": "text/x-gcode",
        "icon": "icon_ultimaker.png",
        "platform": "ultimaker_platform.stl",
        "has_materials": true,
        "has_machine_quality": true,
        "exclude_materials": ["generic_hips", "generic_petg", "generic_bam", "ultimaker_bam", "generic_pva", "ultimaker_pva", "generic_tough_pla", "ultimaker_tough_pla_black", "ultimaker_tough_pla_green", "ultimaker_tough_pla_red", "ultimaker_tough_pla_white"],
        "first_start_actions": ["UMOUpgradeSelection", "UMOCheckup", "BedLevel"],
        "supported_actions": ["UMOUpgradeSelection", "UMOCheckup", "BedLevel", "UpgradeFirmware"],
        "machine_extruder_trains":
        {
            "0": "ultimaker_original_extruder_0"
        }
    },

    "overrides": {
        "machine_name": { "default_value": "Ultimaker Original" },
        "machine_width": {
            "default_value": 205
        },
        "machine_height": {
            "default_value": 200
        },
        "machine_depth": {
            "default_value": 205
        },
        "machine_center_is_zero": {
            "default_value": false
        },
        "machine_head_with_fans_polygon":
        {
            "default_value": [
                [ -75, 35 ],
                [ -75, -18 ],
                [ 18, 35 ],
                [ 18, -18 ]
            ]
        },
        "gantry_height": {
            "default_value": 55
        },
        "machine_use_extruder_offset_to_offset_coords": {
            "default_value": true
        },
        "machine_gcode_flavor": {
            "default_value": "RepRap (Marlin/Sprinter)"
        },
        "machine_start_gcode": {
            "default_value": "G21 ;metric values\nG90 ;absolute positioning\nM82 ;set extruder to absolute mode\nM107 ;start with the fan off\nG28 X0 Y0 ;move X/Y to min endstops\nG28 Z0 ;move Z to min endstops\nG1 Z15.0 F9000 ;move the platform down 15mm\nG92 E0 ;zero the extruded length\nG1 F200 E6 ;extrude 6 mm of feed stock\nG92 E0 ;zero the extruded length again\nG1 F9000\n;Put printing message on LCD screen\nM117 Printing..."
        },
        "machine_end_gcode": {
            "value": "'M104 S0 ;extruder heater off' + ('\\nM140 S0 ;heated bed heater off' if machine_heated_bed else '') + '\\nG91 ;relative positioning\\nG1 E-1 F300  ;retract the filament a bit before lifting the nozzle, to release some of the pressure\\nG1 Z+0.5 E-5 X-20 Y-20 F9000 ;move Z up a bit and retract filament even more\\nG28 X0 Y0 ;move X/Y to min endstops, so the head is out of the way\\nM84 ;steppers off\\nG90 ;absolute positioning'"
        }
    }
}
